{"store_id": 1, "sale_id": 128112, "line_item_id": 1, "product_id": 1, "quantity": 1}
{"store_id": 1, "sale_id": 128112, "line_item_id": 2, "product_id": 8, "quantity": 1}
{"store_id": 1, "sale_id": 144249, "line_item_id": 1, "product_id": 1, "quantity": 1}
{"store_id": 1, "sale_id": 144249, "line_item_id": 2, "product_id": 2, "quantity": 1}
{"store_id": 1, "sale_id": 144249, "line_item_id": 3, "product_id": 4, "quantity": 2}
{"store_id": 1, "sale_id": 144249, "line_item_id": 4, "product_id": 6, "quantity": 1}
{"store_id": 1, "sale_id": 144249, "line_item_id": 5, "product_id": 8, "quantity": 2}
{"store_id": 1, "sale_id": 163141, "line_item_id": 1, "product_id": 1, "quantity": 3}
{"store_id": 1, "sale_id": 163141, "line_item_id": 2, "product_id": 3, "quantity": 1}
{"store_id": 1, "sale_id": 163141, "line_item_id": 3, "product_id": 5, "quantity": 1}
{"store_id": 1, "sale_id": 163141, "line_item_id": 4, "product_id": 7, "quantity": 1}
{"store_id": 1, "sale_id": 163141, "line_item_id": 5, "product_id": 8, "quantity": 2}
{"store_id": 1, "sale_id": 169216, "line_item_id": 1, "product_id": 1, "quantity": 3}
{"store_id": 1, "sale_id": 169216, "line_item_id": 2, "product_id": 3, "quantity": 1}
{"store_id": 1, "sale_id": 169216, "line_item_id": 3, "product_id": 4, "quantity": 4}
{"store_id": 1, "sale_id": 169216, "line_item_id": 4, "product_id": 5, "quantity": 1}
{"store_id": 1, "sale_id": 169216, "line_item_id": 5, "product_id": 6, "quantity": 2}
{"store_id": 1, "sale_id": 169216, "line_item_id": 6, "product_id": 8, "quantity": 1}
{"store_id": 1, "sale_id": 179181, "line_item_id": 1, "product_id": 2, "quantity": 1}
{"store_id": 1, "sale_id": 179181, "line_item_id": 2, "product_id": 3, "quantity": 1}
{"store_id": 1, "sale_id": 179181, "line_item_id": 3, "product_id": 4, "quantity": 1}
{"store_id": 1, "sale_id": 179181, "line_item_id": 4, "product_id": 6, "quantity": 1}
{"store_id": 1, "sale_id": 181897, "line_item_id": 1, "product_id": 1, "quantity": 1}
{"store_id": 1, "sale_id": 181897, "line_item_id": 2, "product_id": 6, "quantity": 1}
{"store_id": 1, "sale_id": 181897, "line_item_id": 3, "product_id": 8, "quantity": 2}
{"store_id": 1, "sale_id": 248269, "line_item_id": 1, "product_id": 1, "quantity": 3}
{"store_id": 1, "sale_id": 248269, "line_item_id": 2, "product_id": 5, "quantity": 1}
{"store_id": 1, "sale_id": 248269, "line_item_id": 3, "product_id": 8, "quantity": 1}
{"store_id": 1, "sale_id": 250031, "line_item_id": 1, "product_id": 1, "quantity": 1}
{"store_id": 1, "sale_id": 250031, "line_item_id": 2, "product_id": 4, "quantity": 1}
{"store_id": 1, "sale_id": 255285, "line_item_id": 1, "product_id": 2, "quantity": 1}
{"store_id": 1, "sale_id": 255285, "line_item_id": 2, "product_id": 4, "quantity": 2}
{"store_id": 1, "sale_id": 263524, "line_item_id": 1, "product_id": 4, "quantity": 2}
{"store_id": 1, "sale_id": 263524, "line_item_id": 2, "product_id": 6, "quantity": 1}
{"store_id": 1, "sale_id": 263524, "line_item_id": 3, "product_id": 8, "quantity": 1}
{"store_id": 2, "sale_id": 105004, "line_item_id": 1, "product_id": 1, "quantity": 1}
{"store_id": 2, "sale_id": 105004, "line_item_id": 2, "product_id": 6, "quantity": 1}
{"store_id": 2, "sale_id": 105004, "line_item_id": 3, "product_id": 8, "quantity": 1}
{"store_id": 2, "sale_id": 109083, "line_item_id": 1, "product_id": 1, "quantity": 3}
{"store_id": 2, "sale_id": 109083, "line_item_id": 2, "product_id": 3, "quantity": 2}
{"store_id": 2, "sale_id": 109083, "line_item_id": 3, "product_id": 4, "quantity": 4}
{"store_id": 2, "sale_id": 109083, "line_item_id": 4, "product_id": 6, "quantity": 1}
{"store_id": 2, "sale_id": 109083, "line_item_id": 5, "product_id": 7, "quantity": 1}
{"store_id": 2, "sale_id": 115446, "line_item_id": 1, "product_id": 6, "quantity": 1}
{"store_id": 2, "sale_id": 115912, "line_item_id": 1, "product_id": 1, "quantity": 1}
{"store_id": 2, "sale_id": 115912, "line_item_id": 2, "product_id": 2, "quantity": 2}
{"store_id": 2, "sale_id": 115912, "line_item_id": 3, "product_id": 6, "quantity": 1}
{"store_id": 2, "sale_id": 119996, "line_item_id": 1, "product_id": 3, "quantity": 2}
{"store_id": 2, "sale_id": 119996, "line_item_id": 2, "product_id": 5, "quantity": 1}
{"store_id": 2, "sale_id": 144107, "line_item_id": 1, "product_id": 1, "quantity": 2}
{"store_id": 2, "sale_id": 144107, "line_item_id": 2, "product_id": 2, "quantity": 2}
{"store_id": 2, "sale_id": 144107, "line_item_id": 3, "product_id": 3, "quantity": 1}
{"store_id": 2, "sale_id": 144107, "line_item_id": 4, "product_id": 4, "quantity": 1}
{"store_id": 2, "sale_id": 144107, "line_item_id": 5, "product_id": 6, "quantity": 1}
{"store_id": 2, "sale_id": 144107, "line_item_id": 6, "product_id": 7, "quantity": 1}
{"store_id": 2, "sale_id": 158290, "line_item_id": 1, "product_id": 1, "quantity": 2}
{"store_id": 2, "sale_id": 158290, "line_item_id": 2, "product_id": 3, "quantity": 2}
{"store_id": 2, "sale_id": 158290, "line_item_id": 3, "product_id": 4, "quantity": 1}
{"store_id": 2, "sale_id": 158290, "line_item_id": 4, "product_id": 6, "quantity": 2}
{"store_id": 2, "sale_id": 203726, "line_item_id": 1, "product_id": 1, "quantity": 1}
{"store_id": 2, "sale_id": 203726, "line_item_id": 2, "product_id": 2, "quantity": 3}
{"store_id": 2, "sale_id": 203726, "line_item_id": 3, "product_id": 3, "quantity": 1}
{"store_id": 2, "sale_id": 203726, "line_item_id": 4, "product_id": 4, "quantity": 2}
{"store_id": 2, "sale_id": 203726, "line_item_id": 5, "product_id": 6, "quantity": 3}
{"store_id": 2, "sale_id": 203726, "line_item_id": 6, "product_id": 7, "quantity": 1}
{"store_id": 2, "sale_id": 217889, "line_item_id": 1, "product_id": 1, "quantity": 2}
{"store_id": 2, "sale_id": 218323, "line_item_id": 1, "product_id": 1, "quantity": 2}
{"store_id": 2, "sale_id": 218323, "line_item_id": 2, "product_id": 6, "quantity": 1}
{"store_id": 2, "sale_id": 218323, "line_item_id": 3, "product_id": 8, "quantity": 1}
{"store_id": 3, "sale_id": 99402, "line_item_id": 1, "product_id": 1, "quantity": 2}
{"store_id": 3, "sale_id": 99402, "line_item_id": 2, "product_id": 6, "quantity": 1}
{"store_id": 3, "sale_id": 131547, "line_item_id": 1, "product_id": 1, "quantity": 1}
{"store_id": 3, "sale_id": 131547, "line_item_id": 2, "product_id": 4, "quantity": 3}
{"store_id": 3, "sale_id": 131547, "line_item_id": 3, "product_id": 6, "quantity": 1}
{"store_id": 3, "sale_id": 131547, "line_item_id": 4, "product_id": 7, "quantity": 2}
{"store_id": 3, "sale_id": 131827, "line_item_id": 1, "product_id": 1, "quantity": 3}
{"store_id": 3, "sale_id": 131827, "line_item_id": 2, "product_id": 2, "quantity": 1}
{"store_id": 3, "sale_id": 131827, "line_item_id": 3, "product_id": 6, "quantity": 2}
{"store_id": 3, "sale_id": 131827, "line_item_id": 4, "product_id": 7, "quantity": 3}
{"store_id": 3, "sale_id": 134868, "line_item_id": 1, "product_id": 2, "quantity": 1}
{"store_id": 3, "sale_id": 134868, "line_item_id": 2, "product_id": 3, "quantity": 1}
{"store_id": 3, "sale_id": 134868, "line_item_id": 3, "product_id": 4, "quantity": 2}
{"store_id": 3, "sale_id": 154102, "line_item_id": 1, "product_id": 2, "quantity": 1}
{"store_id": 3, "sale_id": 154102, "line_item_id": 2, "product_id": 7, "quantity": 1}
{"store_id": 3, "sale_id": 164376, "line_item_id": 1, "product_id": 2, "quantity": 3}
{"store_id": 3, "sale_id": 164376, "line_item_id": 2, "product_id": 4, "quantity": 2}
{"store_id": 3, "sale_id": 164376, "line_item_id": 3, "product_id": 6, "quantity": 2}
{"store_id": 3, "sale_id": 164376, "line_item_id": 4, "product_id": 7, "quantity": 1}
{"store_id": 3, "sale_id": 164376, "line_item_id": 5, "product_id": 8, "quantity": 1}
{"store_id": 3, "sale_id": 177427, "line_item_id": 1, "product_id": 4, "quantity": 1}
{"store_id": 3, "sale_id": 177427, "line_item_id": 2, "product_id": 6, "quantity": 1}
{"store_id": 3, "sale_id": 183488, "line_item_id": 1, "product_id": 5, "quantity": 1}
{"store_id": 3, "sale_id": 186881, "line_item_id": 1, "product_id": 1, "quantity": 4}
{"store_id": 3, "sale_id": 186881, "line_item_id": 2, "product_id": 2, "quantity": 3}
{"store_id": 3, "sale_id": 186881, "line_item_id": 3, "product_id": 4, "quantity": 1}
{"store_id": 3, "sale_id": 186881, "line_item_id": 4, "product_id": 6, "quantity": 1}
{"store_id": 3, "sale_id": 186881, "line_item_id": 5, "product_id": 8, "quantity": 3}
{"store_id": 3, "sale_id": 209184, "line_item_id": 1, "product_id": 1, "quantity": 1}
{"store_id": 3, "sale_id": 209184, "line_item_id": 2, "product_id": 6, "quantity": 1}
{"store_id": 3, "sale_id": 209184, "line_item_id": 3, "product_id": 8, "quantity": 1}
{"store_id": 4, "sale_id": 89887, "line_item_id": 1, "product_id": 1, "quantity": 1}
{"store_id": 4, "sale_id": 89887, "line_item_id": 2, "product_id": 2, "quantity": 1}
{"store_id": 4, "sale_id": 89887, "line_item_id": 3, "product_id": 3, "quantity": 1}
{"store_id": 4, "sale_id": 89887, "line_item_id": 4, "product_id": 8, "quantity": 1}
{"store_id": 4, "sale_id": 111979, "line_item_id": 1, "product_id": 1, "quantity": 2}
{"store_id": 4, "sale_id": 111979, "line_item_id": 2, "product_id": 2, "quantity": 2}
{"store_id": 4, "sale_id": 111979, "line_item_id": 3, "product_id": 4, "quantity": 1}
{"store_id": 4, "sale_id": 111979, "line_item_id": 4, "product_id": 6, "quantity": 2}
{"store_id": 4, "sale_id": 111979, "line_item_id": 5, "product_id": 8, "quantity": 2}
{"store_id": 4, "sale_id": 115633, "line_item_id": 1, "product_id": 1, "quantity": 1}
{"store_id": 4, "sale_id": 115633, "line_item_id": 2, "product_id": 2, "quantity": 2}
{"store_id": 4, "sale_id": 115633, "line_item_id": 3, "product_id": 3, "quantity": 1}
{"store_id": 4, "sale_id": 115633, "line_item_id": 4, "product_id": 4, "quantity": 4}
{"store_id": 4, "sale_id": 115633, "line_item_id": 5, "product_id": 6, "quantity": 2}
{"store_id": 4, "sale_id": 137286, "line_item_id": 1, "product_id": 4, "quantity": 1}
{"store_id": 4, "sale_id": 137286, "line_item_id": 2, "product_id": 5, "quantity": 1}
{"store_id": 4, "sale_id": 138546, "line_item_id": 1, "product_id": 1, "quantity": 2}
{"store_id": 4, "sale_id": 138546, "line_item_id": 2, "product_id": 4, "quantity": 2}
{"store_id": 4, "sale_id": 138546, "line_item_id": 3, "product_id": 5, "quantity": 1}
{"store_id": 4, "sale_id": 138546, "line_item_id": 4, "product_id": 7, "quantity": 1}
{"store_id": 4, "sale_id": 138546, "line_item_id": 5, "product_id": 8, "quantity": 2}
{"store_id": 4, "sale_id": 143587, "line_item_id": 1, "product_id": 4, "quantity": 2}
{"store_id": 4, "sale_id": 143587, "line_item_id": 2, "product_id": 6, "quantity": 1}
{"store_id": 4, "sale_id": 143587, "line_item_id": 3, "product_id": 7, "quantity": 1}
{"store_id": 4, "sale_id": 143587, "line_item_id": 4, "product_id": 8, "quantity": 1}
{"store_id": 4, "sale_id": 177033, "line_item_id": 1, "product_id": 3, "quantity": 1}
{"store_id": 4, "sale_id": 177033, "line_item_id": 2, "product_id": 6, "quantity": 2}
{"store_id": 4, "sale_id": 177033, "line_item_id": 3, "product_id": 7, "quantity": 1}
{"store_id": 4, "sale_id": 177233, "line_item_id": 1, "product_id": 1, "quantity": 1}
{"store_id": 4, "sale_id": 177233, "line_item_id": 2, "product_id": 2, "quantity": 2}
{"store_id": 4, "sale_id": 177233, "line_item_id": 3, "product_id": 3, "quantity": 1}
{"store_id": 4, "sale_id": 177233, "line_item_id": 4, "product_id": 8, "quantity": 1}
{"store_id": 4, "sale_id": 183530, "line_item_id": 1, "product_id": 1, "quantity": 1}
{"store_id": 4, "sale_id": 183530, "line_item_id": 2, "product_id": 2, "quantity": 1}
{"store_id": 4, "sale_id": 183530, "line_item_id": 3, "product_id": 3, "quantity": 1}
{"store_id": 4, "sale_id": 183530, "line_item_id": 4, "product_id": 4, "quantity": 2}
{"store_id": 4, "sale_id": 183530, "line_item_id": 5, "product_id": 6, "quantity": 3}
{"store_id": 4, "sale_id": 183530, "line_item_id": 6, "product_id": 7, "quantity": 3}
{"store_id": 4, "sale_id": 183530, "line_item_id": 7, "product_id": 8, "quantity": 1}
{"store_id": 4, "sale_id": 192337, "line_item_id": 1, "product_id": 1, "quantity": 4}
{"store_id": 4, "sale_id": 192337, "line_item_id": 2, "product_id": 2, "quantity": 1}
{"store_id": 4, "sale_id": 192337, "line_item_id": 3, "product_id": 4, "quantity": 1}
{"store_id": 4, "sale_id": 192337, "line_item_id": 4, "product_id": 5, "quantity": 1}
{"store_id": 4, "sale_id": 192337, "line_item_id": 5, "product_id": 6, "quantity": 1}
{"store_id": 5, "sale_id": 88989, "line_item_id": 1, "product_id": 1, "quantity": 1}
{"store_id": 5, "sale_id": 88989, "line_item_id": 2, "product_id": 4, "quantity": 1}
{"store_id": 5, "sale_id": 104373, "line_item_id": 1, "product_id": 6, "quantity": 3}
{"store_id": 5, "sale_id": 104373, "line_item_id": 2, "product_id": 7, "quantity": 1}
{"store_id": 5, "sale_id": 105691, "line_item_id": 1, "product_id": 1, "quantity": 1}
{"store_id": 5, "sale_id": 105691, "line_item_id": 2, "product_id": 2, "quantity": 1}
{"store_id": 5, "sale_id": 107715, "line_item_id": 1, "product_id": 1, "quantity": 1}
{"store_id": 5, "sale_id": 107715, "line_item_id": 2, "product_id": 2, "quantity": 1}
{"store_id": 5, "sale_id": 107715, "line_item_id": 3, "product_id": 4, "quantity": 1}
{"store_id": 5, "sale_id": 109305, "line_item_id": 1, "product_id": 2, "quantity": 2}
{"store_id": 5, "sale_id": 109305, "line_item_id": 2, "product_id": 4, "quantity": 2}
{"store_id": 5, "sale_id": 109305, "line_item_id": 3, "product_id": 6, "quantity": 2}
{"store_id": 5, "sale_id": 109305, "line_item_id": 4, "product_id": 7, "quantity": 2}
{"store_id": 5, "sale_id": 109305, "line_item_id": 5, "product_id": 8, "quantity": 2}
{"store_id": 5, "sale_id": 126722, "line_item_id": 1, "product_id": 4, "quantity": 1}
{"store_id": 5, "sale_id": 126722, "line_item_id": 2, "product_id": 6, "quantity": 2}
{"store_id": 5, "sale_id": 136553, "line_item_id": 1, "product_id": 1, "quantity": 1}
{"store_id": 5, "sale_id": 136553, "line_item_id": 2, "product_id": 4, "quantity": 1}
{"store_id": 5, "sale_id": 136553, "line_item_id": 3, "product_id": 6, "quantity": 1}
{"store_id": 5, "sale_id": 136735, "line_item_id": 1, "product_id": 2, "quantity": 3}
{"store_id": 5, "sale_id": 136735, "line_item_id": 2, "product_id": 3, "quantity": 2}
{"store_id": 5, "sale_id": 136735, "line_item_id": 3, "product_id": 4, "quantity": 1}
{"store_id": 5, "sale_id": 136735, "line_item_id": 4, "product_id": 6, "quantity": 1}
{"store_id": 5, "sale_id": 136735, "line_item_id": 5, "product_id": 7, "quantity": 1}
{"store_id": 5, "sale_id": 147541, "line_item_id": 1, "product_id": 1, "quantity": 2}
{"store_id": 5, "sale_id": 147541, "line_item_id": 2, "product_id": 2, "quantity": 3}
{"store_id": 5, "sale_id": 147541, "line_item_id": 3, "product_id": 3, "quantity": 1}
{"store_id": 5, "sale_id": 147541, "line_item_id": 4, "product_id": 4, "quantity": 1}
{"store_id": 5, "sale_id": 147541, "line_item_id": 5, "product_id": 7, "quantity": 1}
{"store_id": 5, "sale_id": 157919, "line_item_id": 1, "product_id": 1, "quantity": 1}
{"store_id": 5, "sale_id": 157919, "line_item_id": 2, "product_id": 4, "quantity": 2}
{"store_id": 5, "sale_id": 157919, "line_item_id": 3, "product_id": 7, "quantity": 1}
