[
  {
    "product_id": 1,
    "description": "Pistachio Salmon"
  },
  {
    "product_id": 2,
    "description": "Teriyaki Chicken"
  },
  {
    "product_id": 3,
    "description": "Spinach Orzo"
  },
  {
    "product_id": 4,
    "description": "Eggplant Lasagna"
  },
  {
    "product_id": 5,
    "description": "Chicken Salad"
  },
  {
    "product_id": 6,
    "description": "Curry Chicken"
  },
  {
    "product_id": 7,
    "description": "Tilapia Piccata"
  },
  {
    "product_id": 8,
    "description": "Brocolli Stir Fry"
  }
]